{"stats":{"minecraft:crafted":{"epicfight:skillbook":1,"waystones:waystone":1,"levelhearts:heart_container":1},"minecraft:killed":{"minecraft:sheep":4,"minecraft:zombie":1},"minecraft:killed_by":{"soulslikeuniverse:monstergodricksoldier":2},"minecraft:picked_up":{"minecraft:stick":2,"epicfight:skillbook":1,"minecraft:gunpowder":4,"minecraft:string":6,"minecraft:arrow":5,"minecraft:bone":1,"minecraft:rotten_flesh":6,"minecraft:cherry_sapling":1,"minecraft:ender_eye":2,"minecraft:light_gray_wool":1,"minecraft:mutton":6,"minecraft:white_wool":3,"minecraft:ender_pearl":1},"minecraft:used":{"minecraft:spider_spawn_egg":5,"reddensstonelantern:stone_pillar_bigger_short":3,"minecraft:ender_eye":5,"easy_npc:easy_npc_wand":1,"minecraft:water_bucket":3,"epicfight:skillbook":2,"easy_npc:cat_spawn_egg":1,"minecraft:lava_bucket":9,"minecraft:red_wool":176,"minecraft:heavy_weighted_pressure_plate":1,"minecraft:spruce_slab":53,"easy_npc:easy_npc_preset":1,"minecraft:spruce_planks":111,"minecraft:stone":33,"minecraft:ender_chest":1,"minecraft:iron_door":3,"reddensstonelantern:stone_pillar_thin_a_short":7,"minecraft:structure_block":6,"minecraft:glow_berries":7,"minecraft:torch":4,"minecraft:wooden_sword":4,"minecraft:dirt":4,"minecraft:bow":1,"minecraft:skeleton_spawn_egg":2,"reddensstonelantern:broad_stone_lantern_block_light":6,"minecraft:spruce_stairs":9,"tombstone:gift":2,"waystones:blue_sharestone":7,"minecraft:stone_brick_wall":10,"soulslikeuniverse:dagger":14,"minecraft:infested_stone_bricks":1,"minecraft:stone_brick_slab":4,"minecraft:stripped_spruce_wood":5,"minecraft:obsidian":1,"minecraft:creeper_spawn_egg":5},"minecraft:custom":{"minecraft:time_since_rest":163950,"minecraft:sprint_one_cm":120991,"minecraft:open_enderchest":1,"minecraft:damage_taken":449,"minecraft:walk_one_cm":539874,"minecraft:mob_kills":5,"minecraft:damage_dealt":542,"minecraft:traded_with_villager":3,"minecraft:damage_dealt_absorbed":76,"minecraft:swim_one_cm":9215,"minecraft:fly_one_cm":3073145,"minecraft:open_chest":3,"minecraft:crouch_one_cm":3185,"minecraft:play_time":176739,"tombstone:undead_killed":1,"minecraft:deaths":2,"minecraft:sneak_time":3496,"minecraft:walk_under_water_one_cm":174387,"minecraft:damage_dealt_resisted":3,"minecraft:jump":396,"minecraft:leave_game":5,"minecraft:walk_on_water_one_cm":110104,"minecraft:time_since_death":164736,"minecraft:climb_one_cm":1877,"minecraft:total_world_time":176739,"minecraft:fall_one_cm":627}},"DataVersion":3465}