{"stats":{"minecraft:mined":{"minecraft:torch":4,"minecraft:moss_block":1,"minecraft:gravel":1,"minecraft:azalea":1},"minecraft:used":{"minecraft:spider_spawn_egg":5,"minecraft:azalea":1,"minecraft:oak_fence":22,"minecraft:moss_block":11,"reddensstonelantern:stone_pillar_bigger_short":3,"epicfight:skillbook":2,"minecraft:water_bucket":3,"minecraft:moss_carpet":4,"easy_npc:easy_npc_wand":2,"minecraft:spruce_slab":53,"smallships:dark_oak_cog":1,"minecraft:cartography_table":2,"easy_npc:easy_npc_preset":1,"minecraft:oak_planks":25,"smallships:dark_oak_brigg":1,"minecraft:blackstone":4,"minecraft:spruce_planks":111,"minecraft:ender_chest":2,"minecraft:stone":33,"minecraft:composter":1,"shutter:dark_oak_shutter":28,"reddensstonelantern:stone_pillar_thin_a_short":7,"minecraft:structure_block":6,"minecraft:white_wool":13,"minecraft:torch":54,"minecraft:glow_berries":7,"minecraft:dirt":4,"minecraft:spyglass":3,"minecraft:anvil":2,"minecraft:skeleton_spawn_egg":2,"minecraft:oak_slab":8,"minecraft:loom":4,"minecraft:red_bed":1,"shutter:spruce_shutter":14,"soulslikeuniverse:legendary_godfreyaxe":32,"minecraft:spruce_stairs":9,"minecraft:blast_furnace":1,"minecraft:stone_brick_wall":10,"minecraft:infested_stone_bricks":1,"minecraft:dark_oak_door":4,"minecraft:obsidian":1,"minecraft:creeper_spawn_egg":5,"waystones:waystone":4,"minecraft:stone_brick_slab":4,"minecraft:ender_eye":5,"minecraft:flowering_azalea":1,"easy_npc:cat_spawn_egg":1,"minecraft:lava_bucket":9,"minecraft:lantern":3,"minecraft:oak_stairs":11,"minecraft:filled_map":3,"minecraft:red_wool":200,"minecraft:heavy_weighted_pressure_plate":1,"soulslikeuniverse:legendaryexecutionersword":13,"minecraft:bamboo_hanging_sign":3,"minecraft:map":3,"minecraft:light_blue_bed":1,"minecraft:oak_pressure_plate":4,"minecraft:iron_door":3,"minecraft:deepslate":16,"minecraft:gravel":13,"minecraft:stone_bricks":2,"soulslikeuniverse:legendary_bloodblade":25,"minecraft:wooden_sword":4,"minecraft:cobblestone":20,"minecraft:bow":1,"minecraft:grindstone":5,"minecraft:furnace":1,"minecraft:white_banner":17,"minecraft:smithing_table":1,"reddensstonelantern:broad_stone_lantern_block_light":6,"minecraft:smooth_stone_slab":4,"minecraft:red_banner":1,"minecraft:glass_pane":1,"waystones:blue_sharestone":7,"tombstone:gift":4,"sootychimneys:stone_brick_chimney":1,"soulslikeuniverse:dagger":14,"minecraft:jukebox":2,"minecraft:stripped_spruce_wood":5,"minecraft:brown_bed":1},"minecraft:killed_by":{"soulslikeuniverse:monstergodricksoldier":2},"minecraft:picked_up":{"minecraft:gunpowder":4,"minecraft:string":6,"soulslikeuniverse:spellstone":1,"minecraft:bone":1,"minecraft:wheat_seeds":11,"minecraft:bucket":1,"minecraft:ender_eye":2,"minecraft:azalea":1,"minecraft:light_gray_wool":1,"minecraft:moss_block":1,"minecraft:acacia_sapling":5,"minecraft:egg":1,"minecraft:stick":2,"minecraft:torch":5,"minecraft:gravel":1,"epicfight:skillbook":1,"soulslikeuniverse:legendaryexecutionersword":1,"minecraft:arrow":5,"minecraft:rotten_flesh":7,"minecraft:grass":1,"minecraft:cherry_sapling":1,"minecraft:emerald":8,"minecraft:bread":19,"minecraft:mutton":6,"smallships:dark_oak_brigg":1,"minecraft:white_wool":3,"minecraft:ender_pearl":1},"minecraft:crafted":{"waystones:waystone":1,"epicfight:skillbook":1,"levelhearts:heart_container":1},"minecraft:killed":{"minecraft:sheep":4,"minecraft:zombie":1,"soulslikeuniverse:fieldboss_elemer":1},"minecraft:custom":{"minecraft:interact_with_furnace":2,"minecraft:interact_with_anvil":4,"minecraft:mob_kills":6,"minecraft:traded_with_villager":3,"minecraft:interact_with_loom":3,"minecraft:damage_dealt_resisted":999,"minecraft:leave_game":9,"minecraft:time_since_death":86232,"minecraft:climb_one_cm":9263,"minecraft:time_since_rest":85724,"minecraft:waystone_activated":6,"minecraft:walk_one_cm":1170793,"minecraft:sprint_one_cm":605834,"minecraft:open_enderchest":2,"minecraft:damage_taken":449,"minecraft:damage_dealt":2047,"minecraft:talked_to_villager":1,"minecraft:damage_dealt_absorbed":1019,"minecraft:swim_one_cm":9215,"minecraft:fly_one_cm":5987362,"minecraft:open_chest":13,"minecraft:crouch_one_cm":8568,"minecraft:play_time":390972,"tombstone:undead_killed":2,"minecraft:deaths":10,"minecraft:sneak_time":6971,"minecraft:walk_under_water_one_cm":177362,"minecraft:boat_one_cm":416,"minecraft:interact_with_blast_furnace":1,"minecraft:jump":1576,"minecraft:walk_on_water_one_cm":212966,"minecraft:total_world_time":390972,"minecraft:fall_one_cm":627}},"DataVersion":3465}