{"stats":{"minecraft:killed":{"minecraft:sheep":4},"minecraft:picked_up":{"minecraft:ender_eye":2,"minecraft:light_gray_wool":1,"minecraft:mutton":6,"minecraft:white_wool":3},"minecraft:killed_by":{"soulslikeuniverse:monstergodricksoldier":2},"minecraft:used":{"minecraft:ender_eye":4,"epicfight:skillbook":2,"tombstone:gift":2,"minecraft:stone":28,"soulslikeuniverse:dagger":14},"minecraft:custom":{"minecraft:open_chest":2,"minecraft:time_since_rest":13254,"minecraft:crouch_one_cm":980,"minecraft:deaths":2,"minecraft:sprint_one_cm":61248,"minecraft:play_time":26043,"minecraft:damage_taken":449,"minecraft:walk_one_cm":64497,"minecraft:sneak_time":752,"minecraft:walk_under_water_one_cm":2184,"minecraft:mob_kills":4,"minecraft:jump":252,"minecraft:damage_dealt":338,"minecraft:leave_game":1,"minecraft:walk_on_water_one_cm":208,"minecraft:time_since_death":14040,"minecraft:climb_one_cm":831,"minecraft:total_world_time":26043,"minecraft:damage_dealt_absorbed":28,"minecraft:fall_one_cm":627,"minecraft:fly_one_cm":1175322}},"DataVersion":3465}