{"stats":{"minecraft:mined":{"minecraft:torch":4,"minecraft:moss_block":1,"minecraft:gravel":1,"minecraft:azalea":1},"minecraft:used":{"minecraft:spider_spawn_egg":5,"minecraft:azalea":1,"minecraft:oak_fence":14,"minecraft:moss_block":11,"reddensstonelantern:stone_pillar_bigger_short":3,"epicfight:skillbook":2,"minecraft:water_bucket":3,"minecraft:moss_carpet":4,"easy_npc:easy_npc_wand":2,"minecraft:spruce_slab":53,"smallships:dark_oak_cog":1,"easy_npc:easy_npc_preset":1,"minecraft:oak_planks":14,"smallships:dark_oak_brigg":1,"minecraft:blackstone":4,"minecraft:spruce_planks":111,"minecraft:ender_chest":2,"minecraft:stone":33,"minecraft:composter":1,"shutter:dark_oak_shutter":14,"reddensstonelantern:stone_pillar_thin_a_short":7,"minecraft:structure_block":6,"minecraft:white_wool":13,"minecraft:torch":54,"minecraft:glow_berries":7,"minecraft:dirt":4,"minecraft:spyglass":3,"minecraft:anvil":2,"minecraft:skeleton_spawn_egg":2,"minecraft:oak_slab":8,"minecraft:loom":2,"shutter:spruce_shutter":14,"soulslikeuniverse:legendary_godfreyaxe":32,"minecraft:spruce_stairs":9,"minecraft:stone_brick_wall":10,"minecraft:infested_stone_bricks":1,"minecraft:obsidian":1,"minecraft:creeper_spawn_egg":5,"waystones:waystone":4,"minecraft:stone_brick_slab":4,"minecraft:ender_eye":5,"minecraft:flowering_azalea":1,"easy_npc:cat_spawn_egg":1,"minecraft:lava_bucket":9,"minecraft:filled_map":3,"minecraft:red_wool":200,"minecraft:heavy_weighted_pressure_plate":1,"soulslikeuniverse:legendaryexecutionersword":13,"minecraft:map":3,"minecraft:iron_door":3,"minecraft:deepslate":16,"minecraft:gravel":13,"soulslikeuniverse:legendary_bloodblade":25,"minecraft:wooden_sword":4,"minecraft:cobblestone":20,"minecraft:bow":1,"minecraft:white_banner":17,"reddensstonelantern:broad_stone_lantern_block_light":6,"minecraft:red_banner":1,"minecraft:glass_pane":1,"waystones:blue_sharestone":7,"tombstone:gift":4,"soulslikeuniverse:dagger":14,"minecraft:stripped_spruce_wood":5},"minecraft:killed_by":{"soulslikeuniverse:monstergodricksoldier":2},"minecraft:picked_up":{"minecraft:gunpowder":4,"minecraft:string":6,"soulslikeuniverse:spellstone":1,"minecraft:bone":1,"minecraft:ender_eye":2,"minecraft:azalea":1,"minecraft:light_gray_wool":1,"minecraft:moss_block":1,"minecraft:stick":2,"minecraft:torch":5,"minecraft:gravel":1,"epicfight:skillbook":1,"soulslikeuniverse:legendaryexecutionersword":1,"minecraft:arrow":5,"minecraft:rotten_flesh":7,"minecraft:cherry_sapling":1,"minecraft:mutton":6,"smallships:dark_oak_brigg":1,"minecraft:white_wool":3,"minecraft:ender_pearl":1},"minecraft:crafted":{"waystones:waystone":1,"epicfight:skillbook":1,"levelhearts:heart_container":1},"minecraft:killed":{"minecraft:sheep":4,"minecraft:zombie":1,"soulslikeuniverse:fieldboss_elemer":1},"minecraft:custom":{"minecraft:interact_with_anvil":4,"minecraft:mob_kills":6,"minecraft:traded_with_villager":3,"minecraft:interact_with_loom":3,"minecraft:damage_dealt_resisted":999,"minecraft:leave_game":9,"minecraft:time_since_death":62232,"minecraft:climb_one_cm":9263,"minecraft:time_since_rest":61724,"minecraft:waystone_activated":6,"minecraft:walk_one_cm":1074410,"minecraft:sprint_one_cm":602583,"minecraft:open_enderchest":2,"minecraft:damage_taken":449,"minecraft:damage_dealt":2047,"minecraft:damage_dealt_absorbed":1019,"minecraft:swim_one_cm":9215,"minecraft:fly_one_cm":5971992,"minecraft:open_chest":12,"minecraft:crouch_one_cm":7948,"minecraft:play_time":366972,"tombstone:undead_killed":2,"minecraft:deaths":10,"minecraft:sneak_time":6758,"minecraft:walk_under_water_one_cm":177362,"minecraft:boat_one_cm":416,"minecraft:jump":1558,"minecraft:walk_on_water_one_cm":212966,"minecraft:total_world_time":366972,"minecraft:fall_one_cm":627}},"DataVersion":3465}