{"stats":{"minecraft:killed":{"minecraft:sheep":4,"minecraft:zombie":1},"minecraft:picked_up":{"minecraft:stick":2,"epicfight:skillbook":1,"minecraft:gunpowder":4,"minecraft:string":6,"minecraft:bone":1,"minecraft:arrow":5,"minecraft:rotten_flesh":6,"minecraft:cherry_sapling":1,"minecraft:ender_eye":2,"minecraft:light_gray_wool":1,"minecraft:ender_pearl":1,"minecraft:mutton":6,"minecraft:white_wool":3},"minecraft:crafted":{"epicfight:skillbook":1,"waystones:waystone":1,"levelhearts:heart_container":1},"minecraft:killed_by":{"soulslikeuniverse:monstergodricksoldier":2},"minecraft:custom":{"minecraft:time_since_rest":146532,"minecraft:sprint_one_cm":111889,"minecraft:open_enderchest":1,"minecraft:damage_taken":449,"minecraft:walk_one_cm":525214,"minecraft:mob_kills":5,"minecraft:damage_dealt":538,"minecraft:traded_with_villager":3,"minecraft:damage_dealt_absorbed":76,"minecraft:swim_one_cm":9215,"minecraft:fly_one_cm":2909110,"minecraft:open_chest":3,"minecraft:crouch_one_cm":2716,"minecraft:play_time":159321,"tombstone:undead_killed":1,"minecraft:deaths":2,"minecraft:sneak_time":3206,"minecraft:walk_under_water_one_cm":122985,"minecraft:jump":377,"minecraft:leave_game":3,"minecraft:walk_on_water_one_cm":73028,"minecraft:time_since_death":147318,"minecraft:climb_one_cm":1877,"minecraft:total_world_time":159321,"minecraft:fall_one_cm":627},"minecraft:used":{"minecraft:creeper_spawn_egg":5,"reddensstonelantern:stone_pillar_bigger_short":3,"epicfight:skillbook":2,"minecraft:water_bucket":3,"easy_npc:easy_npc_wand":1,"minecraft:ender_eye":5,"easy_npc:cat_spawn_egg":1,"minecraft:lava_bucket":9,"minecraft:red_wool":176,"minecraft:heavy_weighted_pressure_plate":1,"easy_npc:easy_npc_preset":1,"minecraft:ender_chest":1,"minecraft:stone":33,"minecraft:iron_door":3,"reddensstonelantern:stone_pillar_thin_a_short":7,"minecraft:structure_block":6,"minecraft:glow_berries":7,"minecraft:torch":4,"minecraft:wooden_sword":4,"minecraft:dirt":4,"minecraft:bow":1,"minecraft:skeleton_spawn_egg":2,"reddensstonelantern:broad_stone_lantern_block_light":6,"tombstone:gift":2,"waystones:blue_sharestone":7,"minecraft:stone_brick_wall":10,"soulslikeuniverse:dagger":14,"minecraft:infested_stone_bricks":1,"minecraft:stripped_spruce_wood":5,"minecraft:obsidian":1,"minecraft:stone_brick_slab":4,"minecraft:spider_spawn_egg":5}},"DataVersion":3465}