{"stats":{"minecraft:killed":{"minecraft:sheep":4,"minecraft:zombie":1},"minecraft:picked_up":{"epicfight:skillbook":1,"minecraft:gunpowder":4,"minecraft:string":6,"minecraft:arrow":2,"minecraft:bone":1,"minecraft:rotten_flesh":3,"minecraft:ender_eye":2,"minecraft:light_gray_wool":1,"minecraft:mutton":6,"minecraft:white_wool":3},"minecraft:killed_by":{"soulslikeuniverse:monstergodricksoldier":2},"minecraft:custom":{"minecraft:time_since_rest":61254,"minecraft:walk_one_cm":362300,"minecraft:sprint_one_cm":89359,"minecraft:open_enderchest":1,"minecraft:damage_taken":449,"minecraft:mob_kills":5,"minecraft:damage_dealt":538,"minecraft:damage_dealt_absorbed":76,"minecraft:fly_one_cm":1454518,"minecraft:open_chest":3,"minecraft:crouch_one_cm":1620,"minecraft:play_time":74043,"tombstone:undead_killed":1,"minecraft:deaths":2,"minecraft:sneak_time":1269,"minecraft:walk_under_water_one_cm":4062,"minecraft:jump":288,"minecraft:leave_game":1,"minecraft:time_since_death":62040,"minecraft:walk_on_water_one_cm":532,"minecraft:total_world_time":74043,"minecraft:climb_one_cm":831,"minecraft:fall_one_cm":627},"minecraft:used":{"minecraft:creeper_spawn_egg":5,"easy_npc:easy_npc_wand":1,"reddensstonelantern:stone_pillar_bigger_short":3,"minecraft:stone_brick_slab":4,"epicfight:skillbook":2,"minecraft:ender_eye":5,"easy_npc:cat_spawn_egg":1,"minecraft:heavy_weighted_pressure_plate":1,"easy_npc:easy_npc_preset":1,"minecraft:ender_chest":1,"minecraft:stone":33,"minecraft:iron_door":3,"reddensstonelantern:stone_pillar_thin_a_short":7,"minecraft:torch":2,"minecraft:glow_berries":7,"minecraft:wooden_sword":4,"minecraft:skeleton_spawn_egg":1,"reddensstonelantern:broad_stone_lantern_block_light":6,"tombstone:gift":2,"waystones:blue_sharestone":4,"soulslikeuniverse:dagger":14,"minecraft:stone_brick_wall":10,"minecraft:infested_stone_bricks":1,"minecraft:spider_spawn_egg":5}},"DataVersion":3465}