{"stats":{"minecraft:killed":{"minecraft:sheep":4},"minecraft:picked_up":{"minecraft:ender_eye":2,"minecraft:light_gray_wool":1,"minecraft:mutton":6,"minecraft:white_wool":3},"minecraft:killed_by":{"soulslikeuniverse:monstergodricksoldier":2},"minecraft:used":{"minecraft:stone_brick_slab":4,"minecraft:ender_eye":5,"epicfight:skillbook":2,"tombstone:gift":2,"minecraft:ender_chest":1,"minecraft:stone":33,"soulslikeuniverse:dagger":14},"minecraft:custom":{"minecraft:open_chest":3,"minecraft:time_since_rest":25254,"minecraft:open_enderchest":1,"minecraft:crouch_one_cm":1212,"minecraft:deaths":2,"minecraft:sprint_one_cm":77231,"minecraft:play_time":38043,"minecraft:damage_taken":449,"minecraft:walk_one_cm":99354,"minecraft:sneak_time":863,"minecraft:walk_under_water_one_cm":4062,"minecraft:mob_kills":4,"minecraft:jump":261,"minecraft:damage_dealt":338,"minecraft:leave_game":1,"minecraft:walk_on_water_one_cm":532,"minecraft:time_since_death":26040,"minecraft:climb_one_cm":831,"minecraft:total_world_time":38043,"minecraft:damage_dealt_absorbed":28,"minecraft:fall_one_cm":627,"minecraft:fly_one_cm":1196470}},"DataVersion":3465}