{"stats":{"minecraft:crafted":{"epicfight:skillbook":1,"waystones:waystone":1,"levelhearts:heart_container":1,"travelersbackpack:standard":1},"minecraft:picked_up":{"minecraft:stone_brick_wall":1},"minecraft:used":{"minecraft:stone_brick_wall":1},"minecraft:custom":{"minecraft:jump":101,"minecraft:time_since_rest":1,"minecraft:leave_game":1,"minecraft:waystone_activated":2,"minecraft:deaths":1,"minecraft:walk_on_water_one_cm":17,"minecraft:sprint_one_cm":23765,"minecraft:play_time":5418,"minecraft:damage_taken":190,"minecraft:time_since_death":864,"minecraft:walk_one_cm":36699,"minecraft:sneak_time":6,"minecraft:climb_one_cm":0,"minecraft:traded_with_villager":4,"minecraft:total_world_time":5418,"minecraft:fly_one_cm":28651,"minecraft:open_chest":2}},"DataVersion":3465}